tomogram_name,protein_name,original_ID,standardized_multiclass_protein_ID
MaxPlanck_model_r1_01,fillament,1,0
MaxPlanck_model_r1_01,vesicle,2,0
MaxPlanck_model_r1_01,6x9q,3,1
MaxPlanck_model_r1_01,6gy6,4,2
MaxPlanck_model_r1_01,1ss8,5,3
MaxPlanck_model_r1_01,6tps,6,4
MaxPlanck_model_r1_01,6vz8,7,5
MaxPlanck_model_r1_01,6ahu,8,6
MaxPlanck_model_r1_01,7b7u,9,7
MaxPlanck_model_r1_01,6zqj,10,8
MaxPlanck_model_r1_01,4wrm,11,9
MaxPlanck_model_r1_01,7s7k,12,10
MaxPlanck_model_r1_01,fiducial,13,11
MaxPlanck_model_r1_02,fillament,1,0
MaxPlanck_model_r1_02,vesicle,2,0
MaxPlanck_model_r1_02,6x9q,3,1
MaxPlanck_model_r1_02,6gy6,4,2
MaxPlanck_model_r1_02,1ss8,5,3
MaxPlanck_model_r1_02,6tps,6,4
MaxPlanck_model_r1_02,6vz8,7,5
MaxPlanck_model_r1_02,6ahu,8,6
MaxPlanck_model_r1_02,7b7u,9,7
MaxPlanck_model_r1_02,6zqj,10,8
MaxPlanck_model_r1_02,4wrm,11,9
MaxPlanck_model_r1_02,7s7k,12,10
MaxPlanck_model_r1_02,fiducial,13,11
MaxPlanck_model_r1_03,fillament,1,0
MaxPlanck_model_r1_03,vesicle,2,0
MaxPlanck_model_r1_03,6x9q,3,1
MaxPlanck_model_r1_03,6gy6,4,2
MaxPlanck_model_r1_03,1ss8,5,3
MaxPlanck_model_r1_03,6tps,6,4
MaxPlanck_model_r1_03,6vz8,7,5
MaxPlanck_model_r1_03,6ahu,8,6
MaxPlanck_model_r1_03,7b7u,9,7
MaxPlanck_model_r1_03,6zqj,10,8
MaxPlanck_model_r1_03,4wrm,11,9
MaxPlanck_model_r1_03,7s7k,12,10
MaxPlanck_model_r1_03,fiducial,13,11
MaxPlanck_model_r1_04,fillament,1,0
MaxPlanck_model_r1_04,vesicle,2,0
MaxPlanck_model_r1_04,6x9q,3,1
MaxPlanck_model_r1_04,6gy6,4,2
MaxPlanck_model_r1_04,1ss8,5,3
MaxPlanck_model_r1_04,6tps,6,4
MaxPlanck_model_r1_04,6vz8,7,5
MaxPlanck_model_r1_04,6ahu,8,6
MaxPlanck_model_r1_04,7b7u,9,7
MaxPlanck_model_r1_04,6zqj,10,8
MaxPlanck_model_r1_04,4wrm,11,9
MaxPlanck_model_r1_04,7s7k,12,10
MaxPlanck_model_r1_04,fiducial,13,11
MaxPlanck_model_r1_05,fillament,1,0
MaxPlanck_model_r1_05,vesicle,2,0
MaxPlanck_model_r1_05,6x9q,3,1
MaxPlanck_model_r1_05,6gy6,4,2
MaxPlanck_model_r1_05,1ss8,5,3
MaxPlanck_model_r1_05,6tps,6,4
MaxPlanck_model_r1_05,6vz8,7,5
MaxPlanck_model_r1_05,6ahu,8,6
MaxPlanck_model_r1_05,7b7u,9,7
MaxPlanck_model_r1_05,6zqj,10,8
MaxPlanck_model_r1_05,4wrm,11,9
MaxPlanck_model_r1_05,7s7k,12,10
MaxPlanck_model_r1_05,fiducial,13,11
MaxPlanck_model_r1_06,fillament,1,0
MaxPlanck_model_r1_06,vesicle,2,0
MaxPlanck_model_r1_06,6x9q,3,1
MaxPlanck_model_r1_06,6gy6,4,2
MaxPlanck_model_r1_06,1ss8,5,3
MaxPlanck_model_r1_06,6tps,6,4
MaxPlanck_model_r1_06,6vz8,7,5
MaxPlanck_model_r1_06,6ahu,8,6
MaxPlanck_model_r1_06,7b7u,9,7
MaxPlanck_model_r1_06,6zqj,10,8
MaxPlanck_model_r1_06,4wrm,11,9
MaxPlanck_model_r1_06,7s7k,12,10
MaxPlanck_model_r1_06,fiducial,13,11
MaxPlanck_model_r1_07,fillament,1,0
MaxPlanck_model_r1_07,vesicle,2,0
MaxPlanck_model_r1_07,6x9q,3,1
MaxPlanck_model_r1_07,6gy6,4,2
MaxPlanck_model_r1_07,1ss8,5,3
MaxPlanck_model_r1_07,6tps,6,4
MaxPlanck_model_r1_07,6vz8,7,5
MaxPlanck_model_r1_07,6ahu,8,6
MaxPlanck_model_r1_07,7b7u,9,7
MaxPlanck_model_r1_07,6zqj,10,8
MaxPlanck_model_r1_07,4wrm,11,9
MaxPlanck_model_r1_07,7s7k,12,10
MaxPlanck_model_r1_07,fiducial,13,11
MaxPlanck_model_r1_08,fillament,1,0
MaxPlanck_model_r1_08,vesicle,2,0
MaxPlanck_model_r1_08,6x9q,3,1
MaxPlanck_model_r1_08,6gy6,4,2
MaxPlanck_model_r1_08,1ss8,5,3
MaxPlanck_model_r1_08,6tps,6,4
MaxPlanck_model_r1_08,6vz8,7,5
MaxPlanck_model_r1_08,6ahu,8,6
MaxPlanck_model_r1_08,7b7u,9,7
MaxPlanck_model_r1_08,6zqj,10,8
MaxPlanck_model_r1_08,4wrm,11,9
MaxPlanck_model_r1_08,7s7k,12,10
MaxPlanck_model_r1_08,fiducial,13,11
MaxPlanck_model_r2_01,fillament,1,0
MaxPlanck_model_r2_01,vesicle,2,0
MaxPlanck_model_r2_01,6id1,3,12
MaxPlanck_model_r2_01,7qj0,4,13
MaxPlanck_model_r2_01,1g3i,5,14
MaxPlanck_model_r2_01,7nyz,6,15
MaxPlanck_model_r2_01,6pif,7,16
MaxPlanck_model_r2_01,6z80,8,17
MaxPlanck_model_r2_01,6wzt,9,18
MaxPlanck_model_r2_01,7blq,10,19
MaxPlanck_model_r2_01,6ziu,11,20
MaxPlanck_model_r2_01,7e6g,12,21
MaxPlanck_model_r2_01,fiducial,13,11
MaxPlanck_model_r2_02,fillament,1,0
MaxPlanck_model_r2_02,vesicle,2,0
MaxPlanck_model_r2_02,6id1,3,12
MaxPlanck_model_r2_02,7qj0,4,13
MaxPlanck_model_r2_02,1g3i,5,14
MaxPlanck_model_r2_02,7nyz,6,15
MaxPlanck_model_r2_02,6pif,7,16
MaxPlanck_model_r2_02,6z80,8,17
MaxPlanck_model_r2_02,6wzt,9,18
MaxPlanck_model_r2_02,7blq,10,19
MaxPlanck_model_r2_02,6ziu,11,20
MaxPlanck_model_r2_02,7e6g,12,21
MaxPlanck_model_r2_02,fiducial,13,11
MaxPlanck_model_r2_03,fillament,1,0
MaxPlanck_model_r2_03,vesicle,2,0
MaxPlanck_model_r2_03,6id1,3,12
MaxPlanck_model_r2_03,7qj0,4,13
MaxPlanck_model_r2_03,1g3i,5,14
MaxPlanck_model_r2_03,7nyz,6,15
MaxPlanck_model_r2_03,6pif,7,16
MaxPlanck_model_r2_03,6z80,8,17
MaxPlanck_model_r2_03,6wzt,9,18
MaxPlanck_model_r2_03,7blq,10,19
MaxPlanck_model_r2_03,6ziu,11,20
MaxPlanck_model_r2_03,7e6g,12,21
MaxPlanck_model_r2_03,fiducial,13,11
MaxPlanck_model_r2_04,fillament,1,0
MaxPlanck_model_r2_04,vesicle,2,0
MaxPlanck_model_r2_04,6id1,3,12
MaxPlanck_model_r2_04,7qj0,4,13
MaxPlanck_model_r2_04,1g3i,5,14
MaxPlanck_model_r2_04,7nyz,6,15
MaxPlanck_model_r2_04,6pif,7,16
MaxPlanck_model_r2_04,6z80,8,17
MaxPlanck_model_r2_04,6wzt,9,18
MaxPlanck_model_r2_04,7blq,10,19
MaxPlanck_model_r2_04,6ziu,11,20
MaxPlanck_model_r2_04,7e6g,12,21
MaxPlanck_model_r2_04,fiducial,13,11
MaxPlanck_model_r2_05,fillament,1,0
MaxPlanck_model_r2_05,vesicle,2,0
MaxPlanck_model_r2_05,6id1,3,12
MaxPlanck_model_r2_05,7qj0,4,13
MaxPlanck_model_r2_05,1g3i,5,14
MaxPlanck_model_r2_05,7nyz,6,15
MaxPlanck_model_r2_05,6pif,7,16
MaxPlanck_model_r2_05,6z80,8,17
MaxPlanck_model_r2_05,6wzt,9,18
MaxPlanck_model_r2_05,7blq,10,19
MaxPlanck_model_r2_05,6ziu,11,20
MaxPlanck_model_r2_05,7e6g,12,21
MaxPlanck_model_r2_05,fiducial,13,11
MaxPlanck_model_r2_06,fillament,1,0
MaxPlanck_model_r2_06,vesicle,2,0
MaxPlanck_model_r2_06,6id1,3,12
MaxPlanck_model_r2_06,7qj0,4,13
MaxPlanck_model_r2_06,1g3i,5,14
MaxPlanck_model_r2_06,7nyz,6,15
MaxPlanck_model_r2_06,6pif,7,16
MaxPlanck_model_r2_06,6z80,8,17
MaxPlanck_model_r2_06,6wzt,9,18
MaxPlanck_model_r2_06,7blq,10,19
MaxPlanck_model_r2_06,6ziu,11,20
MaxPlanck_model_r2_06,7e6g,12,21
MaxPlanck_model_r2_06,fiducial,13,11
MaxPlanck_model_r2_07,fillament,1,0
MaxPlanck_model_r2_07,vesicle,2,0
MaxPlanck_model_r2_07,6id1,3,12
MaxPlanck_model_r2_07,7qj0,4,13
MaxPlanck_model_r2_07,1g3i,5,14
MaxPlanck_model_r2_07,7nyz,6,15
MaxPlanck_model_r2_07,6pif,7,16
MaxPlanck_model_r2_07,6z80,8,17
MaxPlanck_model_r2_07,6wzt,9,18
MaxPlanck_model_r2_07,7blq,10,19
MaxPlanck_model_r2_07,6ziu,11,20
MaxPlanck_model_r2_07,7e6g,12,21
MaxPlanck_model_r2_07,fiducial,13,11
MaxPlanck_model_r2_08,fillament,1,0
MaxPlanck_model_r2_08,vesicle,2,0
MaxPlanck_model_r2_08,6id1,3,12
MaxPlanck_model_r2_08,7qj0,4,13
MaxPlanck_model_r2_08,1g3i,5,14
MaxPlanck_model_r2_08,7nyz,6,15
MaxPlanck_model_r2_08,6pif,7,16
MaxPlanck_model_r2_08,6z80,8,17
MaxPlanck_model_r2_08,6wzt,9,18
MaxPlanck_model_r2_08,7blq,10,19
MaxPlanck_model_r2_08,6ziu,11,20
MaxPlanck_model_r2_08,7e6g,12,21
MaxPlanck_model_r2_08,fiducial,13,11
MaxPlanck_model_r3_01,fillament,1,0
MaxPlanck_model_r3_01,vesicle,2,0
MaxPlanck_model_r3_01,6igc,3,22
MaxPlanck_model_r3_01,7o01,4,23
MaxPlanck_model_r3_01,5jh9,5,24
MaxPlanck_model_r3_01,7q21,6,25
MaxPlanck_model_r3_01,6x5z,7,26
MaxPlanck_model_r3_01,7kj2,8,27
MaxPlanck_model_r3_01,7k5x,9,28
MaxPlanck_model_r3_01,7wbt,10,29
MaxPlanck_model_r3_01,6vgr,11,30
MaxPlanck_model_r3_01,4uic,12,31
MaxPlanck_model_r3_01,fiducial,13,11
MaxPlanck_model_r3_02,fillament,1,0
MaxPlanck_model_r3_02,vesicle,2,0
MaxPlanck_model_r3_02,6igc,3,22
MaxPlanck_model_r3_02,7o01,4,23
MaxPlanck_model_r3_02,5jh9,5,24
MaxPlanck_model_r3_02,7q21,6,25
MaxPlanck_model_r3_02,6x5z,7,26
MaxPlanck_model_r3_02,7kj2,8,27
MaxPlanck_model_r3_02,7k5x,9,28
MaxPlanck_model_r3_02,7wbt,10,29
MaxPlanck_model_r3_02,6vgr,11,30
MaxPlanck_model_r3_02,4uic,12,31
MaxPlanck_model_r3_02,fiducial,13,11
MaxPlanck_model_r3_03,fillament,1,0
MaxPlanck_model_r3_03,vesicle,2,0
MaxPlanck_model_r3_03,6igc,3,22
MaxPlanck_model_r3_03,7o01,4,23
MaxPlanck_model_r3_03,5jh9,5,24
MaxPlanck_model_r3_03,7q21,6,25
MaxPlanck_model_r3_03,6x5z,7,26
MaxPlanck_model_r3_03,7kj2,8,27
MaxPlanck_model_r3_03,7k5x,9,28
MaxPlanck_model_r3_03,7wbt,10,29
MaxPlanck_model_r3_03,6vgr,11,30
MaxPlanck_model_r3_03,4uic,12,31
MaxPlanck_model_r3_03,fiducial,13,11
MaxPlanck_model_r3_04,fillament,1,0
MaxPlanck_model_r3_04,vesicle,2,0
MaxPlanck_model_r3_04,6igc,3,22
MaxPlanck_model_r3_04,7o01,4,23
MaxPlanck_model_r3_04,5jh9,5,24
MaxPlanck_model_r3_04,7q21,6,25
MaxPlanck_model_r3_04,6x5z,7,26
MaxPlanck_model_r3_04,7kj2,8,27
MaxPlanck_model_r3_04,7k5x,9,28
MaxPlanck_model_r3_04,7wbt,10,29
MaxPlanck_model_r3_04,6vgr,11,30
MaxPlanck_model_r3_04,4uic,12,31
MaxPlanck_model_r3_04,fiducial,13,11
MaxPlanck_model_r3_05,fillament,1,0
MaxPlanck_model_r3_05,vesicle,2,0
MaxPlanck_model_r3_05,6igc,3,22
MaxPlanck_model_r3_05,7o01,4,23
MaxPlanck_model_r3_05,5jh9,5,24
MaxPlanck_model_r3_05,7q21,6,25
MaxPlanck_model_r3_05,6x5z,7,26
MaxPlanck_model_r3_05,7kj2,8,27
MaxPlanck_model_r3_05,7k5x,9,28
MaxPlanck_model_r3_05,7wbt,10,29
MaxPlanck_model_r3_05,6vgr,11,30
MaxPlanck_model_r3_05,4uic,12,31
MaxPlanck_model_r3_05,fiducial,13,11
MaxPlanck_model_r3_06,fillament,1,0
MaxPlanck_model_r3_06,vesicle,2,0
MaxPlanck_model_r3_06,6igc,3,22
MaxPlanck_model_r3_06,7o01,4,23
MaxPlanck_model_r3_06,5jh9,5,24
MaxPlanck_model_r3_06,7q21,6,25
MaxPlanck_model_r3_06,6x5z,7,26
MaxPlanck_model_r3_06,7kj2,8,27
MaxPlanck_model_r3_06,7k5x,9,28
MaxPlanck_model_r3_06,7wbt,10,29
MaxPlanck_model_r3_06,6vgr,11,30
MaxPlanck_model_r3_06,4uic,12,31
MaxPlanck_model_r3_06,fiducial,13,11
MaxPlanck_model_r3_07,fillament,1,0
MaxPlanck_model_r3_07,vesicle,2,0
MaxPlanck_model_r3_07,6igc,3,22
MaxPlanck_model_r3_07,7o01,4,23
MaxPlanck_model_r3_07,5jh9,5,24
MaxPlanck_model_r3_07,7q21,6,25
MaxPlanck_model_r3_07,6x5z,7,26
MaxPlanck_model_r3_07,7kj2,8,27
MaxPlanck_model_r3_07,7k5x,9,28
MaxPlanck_model_r3_07,7wbt,10,29
MaxPlanck_model_r3_07,6vgr,11,30
MaxPlanck_model_r3_07,4uic,12,31
MaxPlanck_model_r3_07,fiducial,13,11
MaxPlanck_model_r3_08,fillament,1,0
MaxPlanck_model_r3_08,vesicle,2,0
MaxPlanck_model_r3_08,6igc,3,22
MaxPlanck_model_r3_08,7o01,4,23
MaxPlanck_model_r3_08,5jh9,5,24
MaxPlanck_model_r3_08,7q21,6,25
MaxPlanck_model_r3_08,6x5z,7,26
MaxPlanck_model_r3_08,7kj2,8,27
MaxPlanck_model_r3_08,7k5x,9,28
MaxPlanck_model_r3_08,7wbt,10,29
MaxPlanck_model_r3_08,6vgr,11,30
MaxPlanck_model_r3_08,4uic,12,31
MaxPlanck_model_r3_08,fiducial,13,11
MaxPlanck_model_r4_01,fillament,1,0
MaxPlanck_model_r4_01,vesicle,2,0
MaxPlanck_model_r4_01,6mrc,3,32
MaxPlanck_model_r4_01,5g04,4,33
MaxPlanck_model_r4_01,6z3a,5,34
MaxPlanck_model_r4_01,6cnj,6,35
MaxPlanck_model_r4_01,6vn1,7,36
MaxPlanck_model_r4_01,1ul1,8,37
MaxPlanck_model_r4_01,7shk,9,38
MaxPlanck_model_r4_01,7kfe,10,39
MaxPlanck_model_r4_01,fiducial,11,11
MaxPlanck_model_r4_02,fillament,1,0
MaxPlanck_model_r4_02,vesicle,2,0
MaxPlanck_model_r4_02,6mrc,3,32
MaxPlanck_model_r4_02,5g04,4,33
MaxPlanck_model_r4_02,6z3a,5,34
MaxPlanck_model_r4_02,6cnj,6,35
MaxPlanck_model_r4_02,6vn1,7,36
MaxPlanck_model_r4_02,1ul1,8,37
MaxPlanck_model_r4_02,7shk,9,38
MaxPlanck_model_r4_02,7kfe,10,39
MaxPlanck_model_r4_02,fiducial,11,11
MaxPlanck_model_r4_03,fillament,1,0
MaxPlanck_model_r4_03,vesicle,2,0
MaxPlanck_model_r4_03,6mrc,3,32
MaxPlanck_model_r4_03,5g04,4,33
MaxPlanck_model_r4_03,6z3a,5,34
MaxPlanck_model_r4_03,6cnj,6,35
MaxPlanck_model_r4_03,6vn1,7,36
MaxPlanck_model_r4_03,1ul1,8,37
MaxPlanck_model_r4_03,7shk,9,38
MaxPlanck_model_r4_03,7kfe,10,39
MaxPlanck_model_r4_03,fiducial,11,11
MaxPlanck_model_r4_04,fillament,1,0
MaxPlanck_model_r4_04,vesicle,2,0
MaxPlanck_model_r4_04,6mrc,3,32
MaxPlanck_model_r4_04,5g04,4,33
MaxPlanck_model_r4_04,6z3a,5,34
MaxPlanck_model_r4_04,6cnj,6,35
MaxPlanck_model_r4_04,6vn1,7,36
MaxPlanck_model_r4_04,1ul1,8,37
MaxPlanck_model_r4_04,7shk,9,38
MaxPlanck_model_r4_04,7kfe,10,39
MaxPlanck_model_r4_04,fiducial,11,11
MaxPlanck_model_r4_05,fillament,1,0
MaxPlanck_model_r4_05,vesicle,2,0
MaxPlanck_model_r4_05,6mrc,3,32
MaxPlanck_model_r4_05,5g04,4,33
MaxPlanck_model_r4_05,6z3a,5,34
MaxPlanck_model_r4_05,6cnj,6,35
MaxPlanck_model_r4_05,6vn1,7,36
MaxPlanck_model_r4_05,1ul1,8,37
MaxPlanck_model_r4_05,7shk,9,38
MaxPlanck_model_r4_05,7kfe,10,39
MaxPlanck_model_r4_05,fiducial,11,11
MaxPlanck_model_r4_06,fillament,1,0
MaxPlanck_model_r4_06,vesicle,2,0
MaxPlanck_model_r4_06,6mrc,3,32
MaxPlanck_model_r4_06,5g04,4,33
MaxPlanck_model_r4_06,6z3a,5,34
MaxPlanck_model_r4_06,6cnj,6,35
MaxPlanck_model_r4_06,6vn1,7,36
MaxPlanck_model_r4_06,1ul1,8,37
MaxPlanck_model_r4_06,7shk,9,38
MaxPlanck_model_r4_06,7kfe,10,39
MaxPlanck_model_r4_06,fiducial,11,11
MaxPlanck_model_r4_07,fillament,1,0
MaxPlanck_model_r4_07,vesicle,2,0
MaxPlanck_model_r4_07,6mrc,3,32
MaxPlanck_model_r4_07,5g04,4,33
MaxPlanck_model_r4_07,6z3a,5,34
MaxPlanck_model_r4_07,6cnj,6,35
MaxPlanck_model_r4_07,6vn1,7,36
MaxPlanck_model_r4_07,1ul1,8,37
MaxPlanck_model_r4_07,7shk,9,38
MaxPlanck_model_r4_07,7kfe,10,39
MaxPlanck_model_r4_07,fiducial,11,11
MaxPlanck_model_r4_08,fillament,1,0
MaxPlanck_model_r4_08,vesicle,2,0
MaxPlanck_model_r4_08,6mrc,3,32
MaxPlanck_model_r4_08,5g04,4,33
MaxPlanck_model_r4_08,6z3a,5,34
MaxPlanck_model_r4_08,6cnj,6,35
MaxPlanck_model_r4_08,6vn1,7,36
MaxPlanck_model_r4_08,1ul1,8,37
MaxPlanck_model_r4_08,7shk,9,38
MaxPlanck_model_r4_08,7kfe,10,39
MaxPlanck_model_r4_08,fiducial,11,11
MaxPlanck_model_r5_01,fillament,1,0
MaxPlanck_model_r5_01,vesicle,2,0
MaxPlanck_model_r5_01,7ey7,3,40
MaxPlanck_model_r5_01,6tav,4,41
MaxPlanck_model_r5_01,7ege,5,42
MaxPlanck_model_r5_01,6scj,6,43
MaxPlanck_model_r5_01,7etm,7,44
MaxPlanck_model_r5_01,2vz9,8,45
MaxPlanck_model_r5_01,6klh,9,46
MaxPlanck_model_r5_01,1n9g,10,47
MaxPlanck_model_r5_01,3ulv,11,48
MaxPlanck_model_r5_01,2ww2,12,49
MaxPlanck_model_r5_01,fiducial,13,11
MaxPlanck_model_r5_02,fillament,1,0
MaxPlanck_model_r5_02,vesicle,2,0
MaxPlanck_model_r5_02,7ey7,3,40
MaxPlanck_model_r5_02,6tav,4,41
MaxPlanck_model_r5_02,7ege,5,42
MaxPlanck_model_r5_02,6scj,6,43
MaxPlanck_model_r5_02,7etm,7,44
MaxPlanck_model_r5_02,2vz9,8,45
MaxPlanck_model_r5_02,6klh,9,46
MaxPlanck_model_r5_02,1n9g,10,47
MaxPlanck_model_r5_02,3ulv,11,48
MaxPlanck_model_r5_02,2ww2,12,49
MaxPlanck_model_r5_02,fiducial,13,11
MaxPlanck_model_r5_03,fillament,1,0
MaxPlanck_model_r5_03,vesicle,2,0
MaxPlanck_model_r5_03,7ey7,3,40
MaxPlanck_model_r5_03,6tav,4,41
MaxPlanck_model_r5_03,7ege,5,42
MaxPlanck_model_r5_03,6scj,6,43
MaxPlanck_model_r5_03,7etm,7,44
MaxPlanck_model_r5_03,2vz9,8,45
MaxPlanck_model_r5_03,6klh,9,46
MaxPlanck_model_r5_03,1n9g,10,47
MaxPlanck_model_r5_03,3ulv,11,48
MaxPlanck_model_r5_03,2ww2,12,49
MaxPlanck_model_r5_03,fiducial,13,11
MaxPlanck_model_r5_04,fillament,1,0
MaxPlanck_model_r5_04,vesicle,2,0
MaxPlanck_model_r5_04,7ey7,3,40
MaxPlanck_model_r5_04,6tav,4,41
MaxPlanck_model_r5_04,7ege,5,42
MaxPlanck_model_r5_04,6scj,6,43
MaxPlanck_model_r5_04,7etm,7,44
MaxPlanck_model_r5_04,2vz9,8,45
MaxPlanck_model_r5_04,6klh,9,46
MaxPlanck_model_r5_04,1n9g,10,47
MaxPlanck_model_r5_04,3ulv,11,48
MaxPlanck_model_r5_04,2ww2,12,49
MaxPlanck_model_r5_04,fiducial,13,11
MaxPlanck_model_r5_05,fillament,1,0
MaxPlanck_model_r5_05,vesicle,2,0
MaxPlanck_model_r5_05,7ey7,3,40
MaxPlanck_model_r5_05,6tav,4,41
MaxPlanck_model_r5_05,7ege,5,42
MaxPlanck_model_r5_05,6scj,6,43
MaxPlanck_model_r5_05,7etm,7,44
MaxPlanck_model_r5_05,2vz9,8,45
MaxPlanck_model_r5_05,6klh,9,46
MaxPlanck_model_r5_05,1n9g,10,47
MaxPlanck_model_r5_05,3ulv,11,48
MaxPlanck_model_r5_05,2ww2,12,49
MaxPlanck_model_r5_05,fiducial,13,11
MaxPlanck_model_r5_06,fillament,1,0
MaxPlanck_model_r5_06,vesicle,2,0
MaxPlanck_model_r5_06,7ey7,3,40
MaxPlanck_model_r5_06,6tav,4,41
MaxPlanck_model_r5_06,7ege,5,42
MaxPlanck_model_r5_06,6scj,6,43
MaxPlanck_model_r5_06,7etm,7,44
MaxPlanck_model_r5_06,2vz9,8,45
MaxPlanck_model_r5_06,6klh,9,46
MaxPlanck_model_r5_06,1n9g,10,47
MaxPlanck_model_r5_06,3ulv,11,48
MaxPlanck_model_r5_06,2ww2,12,49
MaxPlanck_model_r5_06,fiducial,13,11
MaxPlanck_model_r5_07,fillament,1,0
MaxPlanck_model_r5_07,vesicle,2,0
MaxPlanck_model_r5_07,7ey7,3,40
MaxPlanck_model_r5_07,6tav,4,41
MaxPlanck_model_r5_07,7ege,5,42
MaxPlanck_model_r5_07,6scj,6,43
MaxPlanck_model_r5_07,7etm,7,44
MaxPlanck_model_r5_07,2vz9,8,45
MaxPlanck_model_r5_07,6klh,9,46
MaxPlanck_model_r5_07,1n9g,10,47
MaxPlanck_model_r5_07,3ulv,11,48
MaxPlanck_model_r5_07,2ww2,12,49
MaxPlanck_model_r5_07,fiducial,13,11
MaxPlanck_model_r5_08,fillament,1,0
MaxPlanck_model_r5_08,vesicle,2,0
MaxPlanck_model_r5_08,7ey7,3,40
MaxPlanck_model_r5_08,6tav,4,41
MaxPlanck_model_r5_08,7ege,5,42
MaxPlanck_model_r5_08,6scj,6,43
MaxPlanck_model_r5_08,7etm,7,44
MaxPlanck_model_r5_08,2vz9,8,45
MaxPlanck_model_r5_08,6klh,9,46
MaxPlanck_model_r5_08,1n9g,10,47
MaxPlanck_model_r5_08,3ulv,11,48
MaxPlanck_model_r5_08,2ww2,12,49
MaxPlanck_model_r5_08,fiducial,13,11
MaxPlanck_model_r6_01,fillament,1,0
MaxPlanck_model_r6_01,vesicle,2,0
MaxPlanck_model_r6_01,6jy0,3,50
MaxPlanck_model_r6_01,6ta5,4,51
MaxPlanck_model_r6_01,2dfs,5,52
MaxPlanck_model_r6_01,6f8l,6,53
MaxPlanck_model_r6_01,6tgc,7,54
MaxPlanck_model_r6_01,6ksp,8,55
MaxPlanck_model_r6_01,7jsn,9,56
MaxPlanck_model_r6_01,6krk,10,57
MaxPlanck_model_r6_01,7niu,11,58
MaxPlanck_model_r6_01,5a20,12,59
MaxPlanck_model_r6_01,fiducial,13,11
MaxPlanck_model_r6_02,fillament,1,0
MaxPlanck_model_r6_02,vesicle,2,0
MaxPlanck_model_r6_02,6jy0,3,50
MaxPlanck_model_r6_02,6ta5,4,51
MaxPlanck_model_r6_02,2dfs,5,52
MaxPlanck_model_r6_02,6f8l,6,53
MaxPlanck_model_r6_02,6tgc,7,54
MaxPlanck_model_r6_02,6ksp,8,55
MaxPlanck_model_r6_02,7jsn,9,56
MaxPlanck_model_r6_02,6krk,10,57
MaxPlanck_model_r6_02,7niu,11,58
MaxPlanck_model_r6_02,5a20,12,59
MaxPlanck_model_r6_02,fiducial,13,11
MaxPlanck_model_r6_03,fillament,1,0
MaxPlanck_model_r6_03,vesicle,2,0
MaxPlanck_model_r6_03,6jy0,3,50
MaxPlanck_model_r6_03,6ta5,4,51
MaxPlanck_model_r6_03,2dfs,5,52
MaxPlanck_model_r6_03,6f8l,6,53
MaxPlanck_model_r6_03,6tgc,7,54
MaxPlanck_model_r6_03,6ksp,8,55
MaxPlanck_model_r6_03,7jsn,9,56
MaxPlanck_model_r6_03,6krk,10,57
MaxPlanck_model_r6_03,7niu,11,58
MaxPlanck_model_r6_03,5a20,12,59
MaxPlanck_model_r6_03,fiducial,13,11
MaxPlanck_model_r6_04,fillament,1,0
MaxPlanck_model_r6_04,vesicle,2,0
MaxPlanck_model_r6_04,6jy0,3,50
MaxPlanck_model_r6_04,6ta5,4,51
MaxPlanck_model_r6_04,2dfs,5,52
MaxPlanck_model_r6_04,6f8l,6,53
MaxPlanck_model_r6_04,6tgc,7,54
MaxPlanck_model_r6_04,6ksp,8,55
MaxPlanck_model_r6_04,7jsn,9,56
MaxPlanck_model_r6_04,6krk,10,57
MaxPlanck_model_r6_04,7niu,11,58
MaxPlanck_model_r6_04,5a20,12,59
MaxPlanck_model_r6_04,fiducial,13,11
MaxPlanck_model_r6_05,fillament,1,0
MaxPlanck_model_r6_05,vesicle,2,0
MaxPlanck_model_r6_05,6jy0,3,50
MaxPlanck_model_r6_05,6ta5,4,51
MaxPlanck_model_r6_05,2dfs,5,52
MaxPlanck_model_r6_05,6f8l,6,53
MaxPlanck_model_r6_05,6tgc,7,54
MaxPlanck_model_r6_05,6ksp,8,55
MaxPlanck_model_r6_05,7jsn,9,56
MaxPlanck_model_r6_05,6krk,10,57
MaxPlanck_model_r6_05,7niu,11,58
MaxPlanck_model_r6_05,5a20,12,59
MaxPlanck_model_r6_05,fiducial,13,11
MaxPlanck_model_r6_06,fillament,1,0
MaxPlanck_model_r6_06,vesicle,2,0
MaxPlanck_model_r6_06,6jy0,3,50
MaxPlanck_model_r6_06,6ta5,4,51
MaxPlanck_model_r6_06,2dfs,5,52
MaxPlanck_model_r6_06,6f8l,6,53
MaxPlanck_model_r6_06,6tgc,7,54
MaxPlanck_model_r6_06,6ksp,8,55
MaxPlanck_model_r6_06,7jsn,9,56
MaxPlanck_model_r6_06,6krk,10,57
MaxPlanck_model_r6_06,7niu,11,58
MaxPlanck_model_r6_06,5a20,12,59
MaxPlanck_model_r6_06,fiducial,13,11
MaxPlanck_model_r6_07,fillament,1,0
MaxPlanck_model_r6_07,vesicle,2,0
MaxPlanck_model_r6_07,6jy0,3,50
MaxPlanck_model_r6_07,6ta5,4,51
MaxPlanck_model_r6_07,2dfs,5,52
MaxPlanck_model_r6_07,6f8l,6,53
MaxPlanck_model_r6_07,6tgc,7,54
MaxPlanck_model_r6_07,6ksp,8,55
MaxPlanck_model_r6_07,7jsn,9,56
MaxPlanck_model_r6_07,6krk,10,57
MaxPlanck_model_r6_07,7niu,11,58
MaxPlanck_model_r6_07,5a20,12,59
MaxPlanck_model_r6_07,fiducial,13,11
MaxPlanck_model_r6_08,fillament,1,0
MaxPlanck_model_r6_08,vesicle,2,0
MaxPlanck_model_r6_08,6jy0,3,50
MaxPlanck_model_r6_08,6ta5,4,51
MaxPlanck_model_r6_08,2dfs,5,52
MaxPlanck_model_r6_08,6f8l,6,53
MaxPlanck_model_r6_08,6tgc,7,54
MaxPlanck_model_r6_08,6ksp,8,55
MaxPlanck_model_r6_08,7jsn,9,56
MaxPlanck_model_r6_08,6krk,10,57
MaxPlanck_model_r6_08,7niu,11,58
MaxPlanck_model_r6_08,5a20,12,59
MaxPlanck_model_r6_08,fiducial,13,11
MaxPlanck_model_r7_01,fillament,1,0
MaxPlanck_model_r7_01,vesicle,2,0
MaxPlanck_model_r7_01,5ool,3,60
MaxPlanck_model_r7_01,6up6,4,61
MaxPlanck_model_r7_01,7sfw,5,62
MaxPlanck_model_r7_01,6bq1,6,63
MaxPlanck_model_r7_01,6i0d,7,64
MaxPlanck_model_r7_01,3mkq,8,65
MaxPlanck_model_r7_01,3lue,9,66
MaxPlanck_model_r7_01,5h0s,10,67
MaxPlanck_model_r7_01,5ljo,11,68
MaxPlanck_model_r7_01,6lx3,12,69
MaxPlanck_model_r7_01,fiducial,13,11
MaxPlanck_model_r7_02,fillament,1,0
MaxPlanck_model_r7_02,vesicle,2,0
MaxPlanck_model_r7_02,5ool,3,60
MaxPlanck_model_r7_02,6up6,4,61
MaxPlanck_model_r7_02,7sfw,5,62
MaxPlanck_model_r7_02,6bq1,6,63
MaxPlanck_model_r7_02,6i0d,7,64
MaxPlanck_model_r7_02,3mkq,8,65
MaxPlanck_model_r7_02,3lue,9,66
MaxPlanck_model_r7_02,5h0s,10,67
MaxPlanck_model_r7_02,5ljo,11,68
MaxPlanck_model_r7_02,6lx3,12,69
MaxPlanck_model_r7_02,fiducial,13,11
MaxPlanck_model_r7_03,fillament,1,0
MaxPlanck_model_r7_03,vesicle,2,0
MaxPlanck_model_r7_03,5ool,3,60
MaxPlanck_model_r7_03,6up6,4,61
MaxPlanck_model_r7_03,7sfw,5,62
MaxPlanck_model_r7_03,6bq1,6,63
MaxPlanck_model_r7_03,6i0d,7,64
MaxPlanck_model_r7_03,3mkq,8,65
MaxPlanck_model_r7_03,3lue,9,66
MaxPlanck_model_r7_03,5h0s,10,67
MaxPlanck_model_r7_03,5ljo,11,68
MaxPlanck_model_r7_03,6lx3,12,69
MaxPlanck_model_r7_03,fiducial,13,11
MaxPlanck_model_r7_04,fillament,1,0
MaxPlanck_model_r7_04,vesicle,2,0
MaxPlanck_model_r7_04,5ool,3,60
MaxPlanck_model_r7_04,6up6,4,61
MaxPlanck_model_r7_04,7sfw,5,62
MaxPlanck_model_r7_04,6bq1,6,63
MaxPlanck_model_r7_04,6i0d,7,64
MaxPlanck_model_r7_04,3mkq,8,65
MaxPlanck_model_r7_04,3lue,9,66
MaxPlanck_model_r7_04,5h0s,10,67
MaxPlanck_model_r7_04,5ljo,11,68
MaxPlanck_model_r7_04,6lx3,12,69
MaxPlanck_model_r7_04,fiducial,13,11
MaxPlanck_model_r7_05,fillament,1,0
MaxPlanck_model_r7_05,vesicle,2,0
MaxPlanck_model_r7_05,5ool,3,60
MaxPlanck_model_r7_05,6up6,4,61
MaxPlanck_model_r7_05,7sfw,5,62
MaxPlanck_model_r7_05,6bq1,6,63
MaxPlanck_model_r7_05,6i0d,7,64
MaxPlanck_model_r7_05,3mkq,8,65
MaxPlanck_model_r7_05,3lue,9,66
MaxPlanck_model_r7_05,5h0s,10,67
MaxPlanck_model_r7_05,5ljo,11,68
MaxPlanck_model_r7_05,6lx3,12,69
MaxPlanck_model_r7_05,fiducial,13,11
MaxPlanck_model_r7_06,fillament,1,0
MaxPlanck_model_r7_06,vesicle,2,0
MaxPlanck_model_r7_06,5ool,3,60
MaxPlanck_model_r7_06,6up6,4,61
MaxPlanck_model_r7_06,7sfw,5,62
MaxPlanck_model_r7_06,6bq1,6,63
MaxPlanck_model_r7_06,6i0d,7,64
MaxPlanck_model_r7_06,3mkq,8,65
MaxPlanck_model_r7_06,3lue,9,66
MaxPlanck_model_r7_06,5h0s,10,67
MaxPlanck_model_r7_06,5ljo,11,68
MaxPlanck_model_r7_06,6lx3,12,69
MaxPlanck_model_r7_06,fiducial,13,11
MaxPlanck_model_r7_07,fillament,1,0
MaxPlanck_model_r7_07,vesicle,2,0
MaxPlanck_model_r7_07,5ool,3,60
MaxPlanck_model_r7_07,6up6,4,61
MaxPlanck_model_r7_07,7sfw,5,62
MaxPlanck_model_r7_07,6bq1,6,63
MaxPlanck_model_r7_07,6i0d,7,64
MaxPlanck_model_r7_07,3mkq,8,65
MaxPlanck_model_r7_07,3lue,9,66
MaxPlanck_model_r7_07,5h0s,10,67
MaxPlanck_model_r7_07,5ljo,11,68
MaxPlanck_model_r7_07,6lx3,12,69
MaxPlanck_model_r7_07,fiducial,13,11
MaxPlanck_model_r7_08,fillament,1,0
MaxPlanck_model_r7_08,vesicle,2,0
MaxPlanck_model_r7_08,5ool,3,60
MaxPlanck_model_r7_08,6up6,4,61
MaxPlanck_model_r7_08,7sfw,5,62
MaxPlanck_model_r7_08,6bq1,6,63
MaxPlanck_model_r7_08,6i0d,7,64
MaxPlanck_model_r7_08,3mkq,8,65
MaxPlanck_model_r7_08,3lue,9,66
MaxPlanck_model_r7_08,5h0s,10,67
MaxPlanck_model_r7_08,5ljo,11,68
MaxPlanck_model_r7_08,6lx3,12,69
MaxPlanck_model_r7_08,fiducial,13,11
MaxPlanck_model_r8_01,fillament,1,0
MaxPlanck_model_r8_01,vesicle,2,0
MaxPlanck_model_r8_01,6duz,3,70
MaxPlanck_model_r8_01,6xf8,4,71
MaxPlanck_model_r8_01,6m04,5,72
MaxPlanck_model_r8_01,4xk8,6,73
MaxPlanck_model_r8_01,6lxk,7,74
MaxPlanck_model_r8_01,6u8q,8,75
MaxPlanck_model_r8_01,2rhs,9,76
MaxPlanck_model_r8_01,5csa,10,77
MaxPlanck_model_r8_01,7sgm,11,78
MaxPlanck_model_r8_01,7b5s,12,79
MaxPlanck_model_r8_01,fiducial,13,11
MaxPlanck_model_r8_02,fillament,1,0
MaxPlanck_model_r8_02,vesicle,2,0
MaxPlanck_model_r8_02,6duz,3,70
MaxPlanck_model_r8_02,6xf8,4,71
MaxPlanck_model_r8_02,6m04,5,72
MaxPlanck_model_r8_02,4xk8,6,73
MaxPlanck_model_r8_02,6lxk,7,74
MaxPlanck_model_r8_02,6u8q,8,75
MaxPlanck_model_r8_02,2rhs,9,76
MaxPlanck_model_r8_02,5csa,10,77
MaxPlanck_model_r8_02,7sgm,11,78
MaxPlanck_model_r8_02,7b5s,12,79
MaxPlanck_model_r8_02,fiducial,13,11
MaxPlanck_model_r8_03,fillament,1,0
MaxPlanck_model_r8_03,vesicle,2,0
MaxPlanck_model_r8_03,6duz,3,70
MaxPlanck_model_r8_03,6xf8,4,71
MaxPlanck_model_r8_03,6m04,5,72
MaxPlanck_model_r8_03,4xk8,6,73
MaxPlanck_model_r8_03,6lxk,7,74
MaxPlanck_model_r8_03,6u8q,8,75
MaxPlanck_model_r8_03,2rhs,9,76
MaxPlanck_model_r8_03,5csa,10,77
MaxPlanck_model_r8_03,7sgm,11,78
MaxPlanck_model_r8_03,7b5s,12,79
MaxPlanck_model_r8_03,fiducial,13,11
MaxPlanck_model_r8_04,fillament,1,0
MaxPlanck_model_r8_04,vesicle,2,0
MaxPlanck_model_r8_04,6duz,3,70
MaxPlanck_model_r8_04,6xf8,4,71
MaxPlanck_model_r8_04,6m04,5,72
MaxPlanck_model_r8_04,4xk8,6,73
MaxPlanck_model_r8_04,6lxk,7,74
MaxPlanck_model_r8_04,6u8q,8,75
MaxPlanck_model_r8_04,2rhs,9,76
MaxPlanck_model_r8_04,5csa,10,77
MaxPlanck_model_r8_04,7sgm,11,78
MaxPlanck_model_r8_04,7b5s,12,79
MaxPlanck_model_r8_04,fiducial,13,11
MaxPlanck_model_r8_05,fillament,1,0
MaxPlanck_model_r8_05,vesicle,2,0
MaxPlanck_model_r8_05,6duz,3,70
MaxPlanck_model_r8_05,6xf8,4,71
MaxPlanck_model_r8_05,6m04,5,72
MaxPlanck_model_r8_05,4xk8,6,73
MaxPlanck_model_r8_05,6lxk,7,74
MaxPlanck_model_r8_05,6u8q,8,75
MaxPlanck_model_r8_05,2rhs,9,76
MaxPlanck_model_r8_05,5csa,10,77
MaxPlanck_model_r8_05,7sgm,11,78
MaxPlanck_model_r8_05,7b5s,12,79
MaxPlanck_model_r8_05,fiducial,13,11
MaxPlanck_model_r8_06,fillament,1,0
MaxPlanck_model_r8_06,vesicle,2,0
MaxPlanck_model_r8_06,6duz,3,70
MaxPlanck_model_r8_06,6xf8,4,71
MaxPlanck_model_r8_06,6m04,5,72
MaxPlanck_model_r8_06,4xk8,6,73
MaxPlanck_model_r8_06,6lxk,7,74
MaxPlanck_model_r8_06,6u8q,8,75
MaxPlanck_model_r8_06,2rhs,9,76
MaxPlanck_model_r8_06,5csa,10,77
MaxPlanck_model_r8_06,7sgm,11,78
MaxPlanck_model_r8_06,7b5s,12,79
MaxPlanck_model_r8_06,fiducial,13,11
MaxPlanck_model_r8_07,fillament,1,0
MaxPlanck_model_r8_07,vesicle,2,0
MaxPlanck_model_r8_07,6duz,3,70
MaxPlanck_model_r8_07,6xf8,4,71
MaxPlanck_model_r8_07,6m04,5,72
MaxPlanck_model_r8_07,4xk8,6,73
MaxPlanck_model_r8_07,6lxk,7,74
MaxPlanck_model_r8_07,6u8q,8,75
MaxPlanck_model_r8_07,2rhs,9,76
MaxPlanck_model_r8_07,5csa,10,77
MaxPlanck_model_r8_07,7sgm,11,78
MaxPlanck_model_r8_07,7b5s,12,79
MaxPlanck_model_r8_07,fiducial,13,11
MaxPlanck_model_r8_08,fillament,1,0
MaxPlanck_model_r8_08,vesicle,2,0
MaxPlanck_model_r8_08,6duz,3,70
MaxPlanck_model_r8_08,6xf8,4,71
MaxPlanck_model_r8_08,6m04,5,72
MaxPlanck_model_r8_08,4xk8,6,73
MaxPlanck_model_r8_08,6lxk,7,74
MaxPlanck_model_r8_08,6u8q,8,75
MaxPlanck_model_r8_08,2rhs,9,76
MaxPlanck_model_r8_08,5csa,10,77
MaxPlanck_model_r8_08,7sgm,11,78
MaxPlanck_model_r8_08,7b5s,12,79
MaxPlanck_model_r8_08,fiducial,13,11
MaxPlanck_model_r9_01,fillament,1,0
MaxPlanck_model_r9_01,vesicle,2,0
MaxPlanck_model_r9_01,6gym,3,80
MaxPlanck_model_r9_01,6w6m,4,81
MaxPlanck_model_r9_01,6emk,5,82
MaxPlanck_model_r9_01,7r04,6,83
MaxPlanck_model_r9_01,5o32,7,84
MaxPlanck_model_r9_01,2xnx,8,85
MaxPlanck_model_r9_01,6lmt,9,86
MaxPlanck_model_r9_01,2r9r,10,87
MaxPlanck_model_r9_01,6ces,11,88
MaxPlanck_model_r9_01,7blr,12,89
MaxPlanck_model_r9_01,fiducial,13,11
MaxPlanck_model_r9_02,fillament,1,0
MaxPlanck_model_r9_02,vesicle,2,0
MaxPlanck_model_r9_02,6gym,3,80
MaxPlanck_model_r9_02,6w6m,4,81
MaxPlanck_model_r9_02,6emk,5,82
MaxPlanck_model_r9_02,7r04,6,83
MaxPlanck_model_r9_02,5o32,7,84
MaxPlanck_model_r9_02,2xnx,8,85
MaxPlanck_model_r9_02,6lmt,9,86
MaxPlanck_model_r9_02,2r9r,10,87
MaxPlanck_model_r9_02,6ces,11,88
MaxPlanck_model_r9_02,7blr,12,89
MaxPlanck_model_r9_02,fiducial,13,11
MaxPlanck_model_r9_03,fillament,1,0
MaxPlanck_model_r9_03,vesicle,2,0
MaxPlanck_model_r9_03,6gym,3,80
MaxPlanck_model_r9_03,6w6m,4,81
MaxPlanck_model_r9_03,6emk,5,82
MaxPlanck_model_r9_03,7r04,6,83
MaxPlanck_model_r9_03,5o32,7,84
MaxPlanck_model_r9_03,2xnx,8,85
MaxPlanck_model_r9_03,6lmt,9,86
MaxPlanck_model_r9_03,2r9r,10,87
MaxPlanck_model_r9_03,6ces,11,88
MaxPlanck_model_r9_03,7blr,12,89
MaxPlanck_model_r9_03,fiducial,13,11
MaxPlanck_model_r9_04,fillament,1,0
MaxPlanck_model_r9_04,vesicle,2,0
MaxPlanck_model_r9_04,6gym,3,80
MaxPlanck_model_r9_04,6w6m,4,81
MaxPlanck_model_r9_04,6emk,5,82
MaxPlanck_model_r9_04,7r04,6,83
MaxPlanck_model_r9_04,5o32,7,84
MaxPlanck_model_r9_04,2xnx,8,85
MaxPlanck_model_r9_04,6lmt,9,86
MaxPlanck_model_r9_04,2r9r,10,87
MaxPlanck_model_r9_04,6ces,11,88
MaxPlanck_model_r9_04,7blr,12,89
MaxPlanck_model_r9_04,fiducial,13,11
MaxPlanck_model_r9_05,fillament,1,0
MaxPlanck_model_r9_05,vesicle,2,0
MaxPlanck_model_r9_05,6gym,3,80
MaxPlanck_model_r9_05,6w6m,4,81
MaxPlanck_model_r9_05,6emk,5,82
MaxPlanck_model_r9_05,7r04,6,83
MaxPlanck_model_r9_05,5o32,7,84
MaxPlanck_model_r9_05,2xnx,8,85
MaxPlanck_model_r9_05,6lmt,9,86
MaxPlanck_model_r9_05,2r9r,10,87
MaxPlanck_model_r9_05,6ces,11,88
MaxPlanck_model_r9_05,7blr,12,89
MaxPlanck_model_r9_05,fiducial,13,11
MaxPlanck_model_r9_06,fillament,1,0
MaxPlanck_model_r9_06,vesicle,2,0
MaxPlanck_model_r9_06,6gym,3,80
MaxPlanck_model_r9_06,6w6m,4,81
MaxPlanck_model_r9_06,6emk,5,82
MaxPlanck_model_r9_06,7r04,6,83
MaxPlanck_model_r9_06,5o32,7,84
MaxPlanck_model_r9_06,2xnx,8,85
MaxPlanck_model_r9_06,6lmt,9,86
MaxPlanck_model_r9_06,2r9r,10,87
MaxPlanck_model_r9_06,6ces,11,88
MaxPlanck_model_r9_06,7blr,12,89
MaxPlanck_model_r9_06,fiducial,13,11
MaxPlanck_model_r9_07,fillament,1,0
MaxPlanck_model_r9_07,vesicle,2,0
MaxPlanck_model_r9_07,6gym,3,80
MaxPlanck_model_r9_07,6w6m,4,81
MaxPlanck_model_r9_07,6emk,5,82
MaxPlanck_model_r9_07,7r04,6,83
MaxPlanck_model_r9_07,5o32,7,84
MaxPlanck_model_r9_07,2xnx,8,85
MaxPlanck_model_r9_07,6lmt,9,86
MaxPlanck_model_r9_07,2r9r,10,87
MaxPlanck_model_r9_07,6ces,11,88
MaxPlanck_model_r9_07,7blr,12,89
MaxPlanck_model_r9_07,fiducial,13,11
MaxPlanck_model_r9_08,fillament,1,0
MaxPlanck_model_r9_08,vesicle,2,0
MaxPlanck_model_r9_08,6gym,3,80
MaxPlanck_model_r9_08,6w6m,4,81
MaxPlanck_model_r9_08,6emk,5,82
MaxPlanck_model_r9_08,7r04,6,83
MaxPlanck_model_r9_08,5o32,7,84
MaxPlanck_model_r9_08,2xnx,8,85
MaxPlanck_model_r9_08,6lmt,9,86
MaxPlanck_model_r9_08,2r9r,10,87
MaxPlanck_model_r9_08,6ces,11,88
MaxPlanck_model_r9_08,7blr,12,89
MaxPlanck_model_r9_08,fiducial,13,11
MaxPlanck_model_r10_01,fillament,1,0
MaxPlanck_model_r10_01,vesicle,2,0
MaxPlanck_model_r10_01,7sn7,3,90
MaxPlanck_model_r10_01,6z6o,4,91
MaxPlanck_model_r10_01,7vtq,5,92
MaxPlanck_model_r10_01,7woo,6,93
MaxPlanck_model_r10_01,7mei,7,94
MaxPlanck_model_r10_01,7eep,8,95
MaxPlanck_model_r10_01,7t3u,9,96
MaxPlanck_model_r10_01,7bkc,10,97
MaxPlanck_model_r10_01,7egd,11,98
MaxPlanck_model_r10_01,6yt5,12,99
MaxPlanck_model_r10_01,fiducial,13,11
MaxPlanck_model_r10_02,fillament,1,0
MaxPlanck_model_r10_02,vesicle,2,0
MaxPlanck_model_r10_02,7sn7,3,90
MaxPlanck_model_r10_02,6z6o,4,91
MaxPlanck_model_r10_02,7vtq,5,92
MaxPlanck_model_r10_02,7woo,6,93
MaxPlanck_model_r10_02,7mei,7,94
MaxPlanck_model_r10_02,7eep,8,95
MaxPlanck_model_r10_02,7t3u,9,96
MaxPlanck_model_r10_02,7bkc,10,97
MaxPlanck_model_r10_02,7egd,11,98
MaxPlanck_model_r10_02,6yt5,12,99
MaxPlanck_model_r10_02,fiducial,13,11
MaxPlanck_model_r10_03,fillament,1,0
MaxPlanck_model_r10_03,vesicle,2,0
MaxPlanck_model_r10_03,7sn7,3,90
MaxPlanck_model_r10_03,6z6o,4,91
MaxPlanck_model_r10_03,7vtq,5,92
MaxPlanck_model_r10_03,7woo,6,93
MaxPlanck_model_r10_03,7mei,7,94
MaxPlanck_model_r10_03,7eep,8,95
MaxPlanck_model_r10_03,7t3u,9,96
MaxPlanck_model_r10_03,7bkc,10,97
MaxPlanck_model_r10_03,7egd,11,98
MaxPlanck_model_r10_03,6yt5,12,99
MaxPlanck_model_r10_03,fiducial,13,11
MaxPlanck_model_r10_04,fillament,1,0
MaxPlanck_model_r10_04,vesicle,2,0
MaxPlanck_model_r10_04,7sn7,3,90
MaxPlanck_model_r10_04,6z6o,4,91
MaxPlanck_model_r10_04,7vtq,5,92
MaxPlanck_model_r10_04,7woo,6,93
MaxPlanck_model_r10_04,7mei,7,94
MaxPlanck_model_r10_04,7eep,8,95
MaxPlanck_model_r10_04,7t3u,9,96
MaxPlanck_model_r10_04,7bkc,10,97
MaxPlanck_model_r10_04,7egd,11,98
MaxPlanck_model_r10_04,6yt5,12,99
MaxPlanck_model_r10_04,fiducial,13,11
MaxPlanck_model_r10_05,fillament,1,0
MaxPlanck_model_r10_05,vesicle,2,0
MaxPlanck_model_r10_05,7sn7,3,90
MaxPlanck_model_r10_05,6z6o,4,91
MaxPlanck_model_r10_05,7vtq,5,92
MaxPlanck_model_r10_05,7woo,6,93
MaxPlanck_model_r10_05,7mei,7,94
MaxPlanck_model_r10_05,7eep,8,95
MaxPlanck_model_r10_05,7t3u,9,96
MaxPlanck_model_r10_05,7bkc,10,97
MaxPlanck_model_r10_05,7egd,11,98
MaxPlanck_model_r10_05,6yt5,12,99
MaxPlanck_model_r10_05,fiducial,13,11
MaxPlanck_model_r10_06,fillament,1,0
MaxPlanck_model_r10_06,vesicle,2,0
MaxPlanck_model_r10_06,7sn7,3,90
MaxPlanck_model_r10_06,6z6o,4,91
MaxPlanck_model_r10_06,7vtq,5,92
MaxPlanck_model_r10_06,7woo,6,93
MaxPlanck_model_r10_06,7mei,7,94
MaxPlanck_model_r10_06,7eep,8,95
MaxPlanck_model_r10_06,7t3u,9,96
MaxPlanck_model_r10_06,7bkc,10,97
MaxPlanck_model_r10_06,7egd,11,98
MaxPlanck_model_r10_06,6yt5,12,99
MaxPlanck_model_r10_06,fiducial,13,11
MaxPlanck_model_r10_07,fillament,1,0
MaxPlanck_model_r10_07,vesicle,2,0
MaxPlanck_model_r10_07,7sn7,3,90
MaxPlanck_model_r10_07,6z6o,4,91
MaxPlanck_model_r10_07,7vtq,5,92
MaxPlanck_model_r10_07,7woo,6,93
MaxPlanck_model_r10_07,7mei,7,94
MaxPlanck_model_r10_07,7eep,8,95
MaxPlanck_model_r10_07,7t3u,9,96
MaxPlanck_model_r10_07,7bkc,10,97
MaxPlanck_model_r10_07,7egd,11,98
MaxPlanck_model_r10_07,6yt5,12,99
MaxPlanck_model_r10_07,fiducial,13,11
MaxPlanck_model_r10_08,fillament,1,0
MaxPlanck_model_r10_08,vesicle,2,0
MaxPlanck_model_r10_08,7sn7,3,90
MaxPlanck_model_r10_08,6z6o,4,91
MaxPlanck_model_r10_08,7vtq,5,92
MaxPlanck_model_r10_08,7woo,6,93
MaxPlanck_model_r10_08,7mei,7,94
MaxPlanck_model_r10_08,7eep,8,95
MaxPlanck_model_r10_08,7t3u,9,96
MaxPlanck_model_r10_08,7bkc,10,97
MaxPlanck_model_r10_08,7egd,11,98
MaxPlanck_model_r10_08,6yt5,12,99
MaxPlanck_model_r10_08,fiducial,13,11
MaxPlanck_model_r11_01,fillament,1,0
MaxPlanck_model_r11_01,vesicle,2,0
MaxPlanck_model_r11_01,7egq,3,100
MaxPlanck_model_r11_01,7kdv,4,101
MaxPlanck_model_r11_01,5vkq,5,102
MaxPlanck_model_r11_01,7e8h,6,103
MaxPlanck_model_r11_01,6lxv,7,104
MaxPlanck_model_r11_01,7amv,8,105
MaxPlanck_model_r11_01,7lsy,9,106
MaxPlanck_model_r11_01,7e1y,10,107
MaxPlanck_model_r11_01,7nhs,11,108
MaxPlanck_model_r11_01,7dd9,12,109
MaxPlanck_model_r11_01,fiducial,13,11
MaxPlanck_model_r11_02,fillament,1,0
MaxPlanck_model_r11_02,vesicle,2,0
MaxPlanck_model_r11_02,7egq,3,100
MaxPlanck_model_r11_02,7kdv,4,101
MaxPlanck_model_r11_02,5vkq,5,102
MaxPlanck_model_r11_02,7e8h,6,103
MaxPlanck_model_r11_02,6lxv,7,104
MaxPlanck_model_r11_02,7amv,8,105
MaxPlanck_model_r11_02,7lsy,9,106
MaxPlanck_model_r11_02,7e1y,10,107
MaxPlanck_model_r11_02,7nhs,11,108
MaxPlanck_model_r11_02,7dd9,12,109
MaxPlanck_model_r11_02,fiducial,13,11
MaxPlanck_model_r11_03,fillament,1,0
MaxPlanck_model_r11_03,vesicle,2,0
MaxPlanck_model_r11_03,7egq,3,100
MaxPlanck_model_r11_03,7kdv,4,101
MaxPlanck_model_r11_03,5vkq,5,102
MaxPlanck_model_r11_03,7e8h,6,103
MaxPlanck_model_r11_03,6lxv,7,104
MaxPlanck_model_r11_03,7amv,8,105
MaxPlanck_model_r11_03,7lsy,9,106
MaxPlanck_model_r11_03,7e1y,10,107
MaxPlanck_model_r11_03,7nhs,11,108
MaxPlanck_model_r11_03,7dd9,12,109
MaxPlanck_model_r11_03,fiducial,13,11
MaxPlanck_model_r11_04,fillament,1,0
MaxPlanck_model_r11_04,vesicle,2,0
MaxPlanck_model_r11_04,7egq,3,100
MaxPlanck_model_r11_04,7kdv,4,101
MaxPlanck_model_r11_04,5vkq,5,102
MaxPlanck_model_r11_04,7e8h,6,103
MaxPlanck_model_r11_04,6lxv,7,104
MaxPlanck_model_r11_04,7amv,8,105
MaxPlanck_model_r11_04,7lsy,9,106
MaxPlanck_model_r11_04,7e1y,10,107
MaxPlanck_model_r11_04,7nhs,11,108
MaxPlanck_model_r11_04,7dd9,12,109
MaxPlanck_model_r11_04,fiducial,13,11
MaxPlanck_model_r11_05,fillament,1,0
MaxPlanck_model_r11_05,vesicle,2,0
MaxPlanck_model_r11_05,7egq,3,100
MaxPlanck_model_r11_05,7kdv,4,101
MaxPlanck_model_r11_05,5vkq,5,102
MaxPlanck_model_r11_05,7e8h,6,103
MaxPlanck_model_r11_05,6lxv,7,104
MaxPlanck_model_r11_05,7amv,8,105
MaxPlanck_model_r11_05,7lsy,9,106
MaxPlanck_model_r11_05,7e1y,10,107
MaxPlanck_model_r11_05,7nhs,11,108
MaxPlanck_model_r11_05,7dd9,12,109
MaxPlanck_model_r11_05,fiducial,13,11
MaxPlanck_model_r11_06,fillament,1,0
MaxPlanck_model_r11_06,vesicle,2,0
MaxPlanck_model_r11_06,7egq,3,100
MaxPlanck_model_r11_06,7kdv,4,101
MaxPlanck_model_r11_06,5vkq,5,102
MaxPlanck_model_r11_06,7e8h,6,103
MaxPlanck_model_r11_06,6lxv,7,104
MaxPlanck_model_r11_06,7amv,8,105
MaxPlanck_model_r11_06,7lsy,9,106
MaxPlanck_model_r11_06,7e1y,10,107
MaxPlanck_model_r11_06,7nhs,11,108
MaxPlanck_model_r11_06,7dd9,12,109
MaxPlanck_model_r11_06,fiducial,13,11
MaxPlanck_model_r11_07,fillament,1,0
MaxPlanck_model_r11_07,vesicle,2,0
MaxPlanck_model_r11_07,7egq,3,100
MaxPlanck_model_r11_07,7kdv,4,101
MaxPlanck_model_r11_07,5vkq,5,102
MaxPlanck_model_r11_07,7e8h,6,103
MaxPlanck_model_r11_07,6lxv,7,104
MaxPlanck_model_r11_07,7amv,8,105
MaxPlanck_model_r11_07,7lsy,9,106
MaxPlanck_model_r11_07,7e1y,10,107
MaxPlanck_model_r11_07,7nhs,11,108
MaxPlanck_model_r11_07,7dd9,12,109
MaxPlanck_model_r11_07,fiducial,13,11
MaxPlanck_model_r11_08,fillament,1,0
MaxPlanck_model_r11_08,vesicle,2,0
MaxPlanck_model_r11_08,7egq,3,100
MaxPlanck_model_r11_08,7kdv,4,101
MaxPlanck_model_r11_08,5vkq,5,102
MaxPlanck_model_r11_08,7e8h,6,103
MaxPlanck_model_r11_08,6lxv,7,104
MaxPlanck_model_r11_08,7amv,8,105
MaxPlanck_model_r11_08,7lsy,9,106
MaxPlanck_model_r11_08,7e1y,10,107
MaxPlanck_model_r11_08,7nhs,11,108
MaxPlanck_model_r11_08,7dd9,12,109
MaxPlanck_model_r11_08,fiducial,13,11
CryoETPortal_model_0,7n4y,2,110
CryoETPortal_model_0,1fa2,3,111
CryoETPortal_model_0,6qzp,4,112
CryoETPortal_model_0,1fha,5,113
CryoETPortal_model_0,5a1a,6,114
CryoETPortal_model_0,1dwn,7,115
CryoETPortal_model_1,7n4y,2,110
CryoETPortal_model_1,1fa2,3,111
CryoETPortal_model_1,6qzp,4,112
CryoETPortal_model_1,1fha,5,113
CryoETPortal_model_1,5a1a,6,114
CryoETPortal_model_1,1dwn,7,115
CryoETPortal_model_2,7n4y,2,110
CryoETPortal_model_2,1fa2,3,111
CryoETPortal_model_2,6qzp,4,112
CryoETPortal_model_2,1fha,5,113
CryoETPortal_model_2,5a1a,6,114
CryoETPortal_model_2,1dwn,7,115
CryoETPortal_model_3,7n4y,2,110
CryoETPortal_model_3,1fa2,3,111
CryoETPortal_model_3,6qzp,4,112
CryoETPortal_model_3,1fha,5,113
CryoETPortal_model_3,5a1a,6,114
CryoETPortal_model_3,1dwn,7,115
CryoETPortal_model_4,7n4y,2,110
CryoETPortal_model_4,1fa2,3,111
CryoETPortal_model_4,6qzp,4,112
CryoETPortal_model_4,1fha,5,113
CryoETPortal_model_4,5a1a,6,114
CryoETPortal_model_4,1dwn,7,115
CryoETPortal_model_5,7n4y,2,110
CryoETPortal_model_5,1fa2,3,111
CryoETPortal_model_5,6qzp,4,112
CryoETPortal_model_5,1fha,5,113
CryoETPortal_model_5,5a1a,6,114
CryoETPortal_model_5,1dwn,7,115
CryoETPortal_model_6,7n4y,2,110
CryoETPortal_model_6,1fa2,3,111
CryoETPortal_model_6,6qzp,4,112
CryoETPortal_model_6,1fha,5,113
CryoETPortal_model_6,5a1a,6,114
CryoETPortal_model_6,1dwn,7,115
CryoETPortal_model_7,7n4y,2,110
CryoETPortal_model_7,1fa2,3,111
CryoETPortal_model_7,6qzp,4,112
CryoETPortal_model_7,1fha,5,113
CryoETPortal_model_7,5a1a,6,114
CryoETPortal_model_7,1dwn,7,115
CryoETPortal_model_8,7n4y,2,110
CryoETPortal_model_8,1fa2,3,111
CryoETPortal_model_8,6qzp,4,112
CryoETPortal_model_8,1fha,5,113
CryoETPortal_model_8,5a1a,6,114
CryoETPortal_model_8,1dwn,7,115
CryoETPortal_model_9,7n4y,2,110
CryoETPortal_model_9,1fa2,3,111
CryoETPortal_model_9,6qzp,4,112
CryoETPortal_model_9,1fha,5,113
CryoETPortal_model_9,5a1a,6,114
CryoETPortal_model_9,1dwn,7,115
CryoETPortal_model_10,7n4y,2,110
CryoETPortal_model_10,1fa2,3,111
CryoETPortal_model_10,6qzp,4,112
CryoETPortal_model_10,1fha,5,113
CryoETPortal_model_10,5a1a,6,114
CryoETPortal_model_10,1dwn,7,115
CryoETPortal_model_11,7n4y,2,110
CryoETPortal_model_11,1fa2,3,111
CryoETPortal_model_11,6qzp,4,112
CryoETPortal_model_11,1fha,5,113
CryoETPortal_model_11,5a1a,6,114
CryoETPortal_model_11,1dwn,7,115
CryoETPortal_model_12,7n4y,2,110
CryoETPortal_model_12,1fa2,3,111
CryoETPortal_model_12,6qzp,4,112
CryoETPortal_model_12,1fha,5,113
CryoETPortal_model_12,5a1a,6,114
CryoETPortal_model_12,1dwn,7,115
CryoETPortal_model_13,7n4y,2,110
CryoETPortal_model_13,1fa2,3,111
CryoETPortal_model_13,6qzp,4,112
CryoETPortal_model_13,1fha,5,113
CryoETPortal_model_13,5a1a,6,114
CryoETPortal_model_13,1dwn,7,115
CryoETPortal_model_14,7n4y,2,110
CryoETPortal_model_14,1fa2,3,111
CryoETPortal_model_14,6qzp,4,112
CryoETPortal_model_14,1fha,5,113
CryoETPortal_model_14,5a1a,6,114
CryoETPortal_model_14,1dwn,7,115
CryoETPortal_model_15,7n4y,2,110
CryoETPortal_model_15,1fa2,3,111
CryoETPortal_model_15,6qzp,4,112
CryoETPortal_model_15,1fha,5,113
CryoETPortal_model_15,5a1a,6,114
CryoETPortal_model_15,1dwn,7,115
CryoETPortal_model_16,7n4y,2,110
CryoETPortal_model_16,1fa2,3,111
CryoETPortal_model_16,6qzp,4,112
CryoETPortal_model_16,1fha,5,113
CryoETPortal_model_16,5a1a,6,114
CryoETPortal_model_16,1dwn,7,115
CryoETPortal_model_17,7n4y,2,110
CryoETPortal_model_17,1fa2,3,111
CryoETPortal_model_17,6qzp,4,112
CryoETPortal_model_17,1fha,5,113
CryoETPortal_model_17,5a1a,6,114
CryoETPortal_model_17,1dwn,7,115
CryoETPortal_model_18,7n4y,2,110
CryoETPortal_model_18,1fa2,3,111
CryoETPortal_model_18,6qzp,4,112
CryoETPortal_model_18,1fha,5,113
CryoETPortal_model_18,5a1a,6,114
CryoETPortal_model_18,1dwn,7,115
CryoETPortal_model_19,7n4y,2,110
CryoETPortal_model_19,1fa2,3,111
CryoETPortal_model_19,6qzp,4,112
CryoETPortal_model_19,1fha,5,113
CryoETPortal_model_19,5a1a,6,114
CryoETPortal_model_19,1dwn,7,115
CryoETPortal_model_20,7n4y,2,110
CryoETPortal_model_20,1fa2,3,111
CryoETPortal_model_20,6qzp,4,112
CryoETPortal_model_20,1fha,5,113
CryoETPortal_model_20,5a1a,6,114
CryoETPortal_model_20,1dwn,7,115
CryoETPortal_model_21,7n4y,2,110
CryoETPortal_model_21,1fa2,3,111
CryoETPortal_model_21,6qzp,4,112
CryoETPortal_model_21,1fha,5,113
CryoETPortal_model_21,5a1a,6,114
CryoETPortal_model_21,1dwn,7,115
CryoETPortal_model_22,7n4y,2,110
CryoETPortal_model_22,1fa2,3,111
CryoETPortal_model_22,6qzp,4,112
CryoETPortal_model_22,1fha,5,113
CryoETPortal_model_22,5a1a,6,114
CryoETPortal_model_22,1dwn,7,115
CryoETPortal_model_23,7n4y,2,110
CryoETPortal_model_23,1fa2,3,111
CryoETPortal_model_23,6qzp,4,112
CryoETPortal_model_23,1fha,5,113
CryoETPortal_model_23,5a1a,6,114
CryoETPortal_model_23,1dwn,7,115
CryoETPortal_model_24,7n4y,2,110
CryoETPortal_model_24,1fa2,3,111
CryoETPortal_model_24,6qzp,4,112
CryoETPortal_model_24,1fha,5,113
CryoETPortal_model_24,5a1a,6,114
CryoETPortal_model_24,1dwn,7,115
CryoETPortal_model_25,7n4y,2,110
CryoETPortal_model_25,1fa2,3,111
CryoETPortal_model_25,6qzp,4,112
CryoETPortal_model_25,1fha,5,113
CryoETPortal_model_25,5a1a,6,114
CryoETPortal_model_25,1dwn,7,115
CryoETPortal_model_26,7n4y,2,110
CryoETPortal_model_26,1fa2,3,111
CryoETPortal_model_26,6qzp,4,112
CryoETPortal_model_26,1fha,5,113
CryoETPortal_model_26,5a1a,6,114
CryoETPortal_model_26,1dwn,7,115
shrec_2020_model_0,3cf3,1,116
shrec_2020_model_0,1s3x,2,117
shrec_2020_model_0,1u6g,3,118
shrec_2020_model_0,4cr2,4,119
shrec_2020_model_0,1qvr,5,120
shrec_2020_model_0,3h84,6,121
shrec_2020_model_0,2cg9,7,122
shrec_2020_model_0,3qm1,8,123
shrec_2020_model_0,3gl1,9,124
shrec_2020_model_0,3d2f,10,125
shrec_2020_model_0,4d8q,11,126
shrec_2020_model_0,1bxn,12,127
shrec_2020_model_1,3cf3,1,116
shrec_2020_model_1,1s3x,2,117
shrec_2020_model_1,1u6g,3,118
shrec_2020_model_1,4cr2,4,119
shrec_2020_model_1,1qvr,5,120
shrec_2020_model_1,3h84,6,121
shrec_2020_model_1,2cg9,7,122
shrec_2020_model_1,3qm1,8,123
shrec_2020_model_1,3gl1,9,124
shrec_2020_model_1,3d2f,10,125
shrec_2020_model_1,4d8q,11,126
shrec_2020_model_1,1bxn,12,127
shrec_2020_model_2,3cf3,1,116
shrec_2020_model_2,1s3x,2,117
shrec_2020_model_2,1u6g,3,118
shrec_2020_model_2,4cr2,4,119
shrec_2020_model_2,1qvr,5,120
shrec_2020_model_2,3h84,6,121
shrec_2020_model_2,2cg9,7,122
shrec_2020_model_2,3qm1,8,123
shrec_2020_model_2,3gl1,9,124
shrec_2020_model_2,3d2f,10,125
shrec_2020_model_2,4d8q,11,126
shrec_2020_model_2,1bxn,12,127
shrec_2020_model_3,3cf3,1,116
shrec_2020_model_3,1s3x,2,117
shrec_2020_model_3,1u6g,3,118
shrec_2020_model_3,4cr2,4,119
shrec_2020_model_3,1qvr,5,120
shrec_2020_model_3,3h84,6,121
shrec_2020_model_3,2cg9,7,122
shrec_2020_model_3,3qm1,8,123
shrec_2020_model_3,3gl1,9,124
shrec_2020_model_3,3d2f,10,125
shrec_2020_model_3,4d8q,11,126
shrec_2020_model_3,1bxn,12,127
shrec_2020_model_4,3cf3,1,116
shrec_2020_model_4,1s3x,2,117
shrec_2020_model_4,1u6g,3,118
shrec_2020_model_4,4cr2,4,119
shrec_2020_model_4,1qvr,5,120
shrec_2020_model_4,3h84,6,121
shrec_2020_model_4,2cg9,7,122
shrec_2020_model_4,3qm1,8,123
shrec_2020_model_4,3gl1,9,124
shrec_2020_model_4,3d2f,10,125
shrec_2020_model_4,4d8q,11,126
shrec_2020_model_4,1bxn,12,127
shrec_2020_model_5,3cf3,1,116
shrec_2020_model_5,1s3x,2,117
shrec_2020_model_5,1u6g,3,118
shrec_2020_model_5,4cr2,4,119
shrec_2020_model_5,1qvr,5,120
shrec_2020_model_5,3h84,6,121
shrec_2020_model_5,2cg9,7,122
shrec_2020_model_5,3qm1,8,123
shrec_2020_model_5,3gl1,9,124
shrec_2020_model_5,3d2f,10,125
shrec_2020_model_5,4d8q,11,126
shrec_2020_model_5,1bxn,12,127
shrec_2020_model_6,3cf3,1,116
shrec_2020_model_6,1s3x,2,117
shrec_2020_model_6,1u6g,3,118
shrec_2020_model_6,4cr2,4,119
shrec_2020_model_6,1qvr,5,120
shrec_2020_model_6,3h84,6,121
shrec_2020_model_6,2cg9,7,122
shrec_2020_model_6,3qm1,8,123
shrec_2020_model_6,3gl1,9,124
shrec_2020_model_6,3d2f,10,125
shrec_2020_model_6,4d8q,11,126
shrec_2020_model_6,1bxn,12,127
shrec_2020_model_7,3cf3,1,116
shrec_2020_model_7,1s3x,2,117
shrec_2020_model_7,1u6g,3,118
shrec_2020_model_7,4cr2,4,119
shrec_2020_model_7,1qvr,5,120
shrec_2020_model_7,3h84,6,121
shrec_2020_model_7,2cg9,7,122
shrec_2020_model_7,3qm1,8,123
shrec_2020_model_7,3gl1,9,124
shrec_2020_model_7,3d2f,10,125
shrec_2020_model_7,4d8q,11,126
shrec_2020_model_7,1bxn,12,127
shrec_2020_model_8,3cf3,1,116
shrec_2020_model_8,1s3x,2,117
shrec_2020_model_8,1u6g,3,118
shrec_2020_model_8,4cr2,4,119
shrec_2020_model_8,1qvr,5,120
shrec_2020_model_8,3h84,6,121
shrec_2020_model_8,2cg9,7,122
shrec_2020_model_8,3qm1,8,123
shrec_2020_model_8,3gl1,9,124
shrec_2020_model_8,3d2f,10,125
shrec_2020_model_8,4d8q,11,126
shrec_2020_model_8,1bxn,12,127
shrec_2020_model_9,3cf3,1,116
shrec_2020_model_9,1s3x,2,117
shrec_2020_model_9,1u6g,3,118
shrec_2020_model_9,4cr2,4,119
shrec_2020_model_9,1qvr,5,120
shrec_2020_model_9,3h84,6,121
shrec_2020_model_9,2cg9,7,122
shrec_2020_model_9,3qm1,8,123
shrec_2020_model_9,3gl1,9,124
shrec_2020_model_9,3d2f,10,125
shrec_2020_model_9,4d8q,11,126
shrec_2020_model_9,1bxn,12,127
shrec_2021_model_0,4v94,1,128
shrec_2021_model_0,4cr2,2,119
shrec_2021_model_0,1qvr,3,120
shrec_2021_model_0,1bxn,4,127
shrec_2021_model_0,3cf3,5,116
shrec_2021_model_0,1u6g,6,118
shrec_2021_model_0,3d2f,7,125
shrec_2021_model_0,2cg9,8,122
shrec_2021_model_0,3h84,9,121
shrec_2021_model_0,3gl1,10,124
shrec_2021_model_0,3qm1,11,123
shrec_2021_model_0,1s3x,12,117
shrec_2021_model_0,5mrc,13,129
shrec_2021_model_0,vesicle,14,0
shrec_2021_model_0,fiducial,15,11
shrec_2021_model_1,4v94,1,128
shrec_2021_model_1,4cr2,2,119
shrec_2021_model_1,1qvr,3,120
shrec_2021_model_1,1bxn,4,127
shrec_2021_model_1,3cf3,5,116
shrec_2021_model_1,1u6g,6,118
shrec_2021_model_1,3d2f,7,125
shrec_2021_model_1,2cg9,8,122
shrec_2021_model_1,3h84,9,121
shrec_2021_model_1,3gl1,10,124
shrec_2021_model_1,3qm1,11,123
shrec_2021_model_1,1s3x,12,117
shrec_2021_model_1,5mrc,13,129
shrec_2021_model_1,vesicle,14,0
shrec_2021_model_1,fiducial,15,11
shrec_2021_model_2,4v94,1,128
shrec_2021_model_2,4cr2,2,119
shrec_2021_model_2,1qvr,3,120
shrec_2021_model_2,1bxn,4,127
shrec_2021_model_2,3cf3,5,116
shrec_2021_model_2,1u6g,6,118
shrec_2021_model_2,3d2f,7,125
shrec_2021_model_2,2cg9,8,122
shrec_2021_model_2,3h84,9,121
shrec_2021_model_2,3gl1,10,124
shrec_2021_model_2,3qm1,11,123
shrec_2021_model_2,1s3x,12,117
shrec_2021_model_2,5mrc,13,129
shrec_2021_model_2,vesicle,14,0
shrec_2021_model_2,fiducial,15,11
shrec_2021_model_3,4v94,1,128
shrec_2021_model_3,4cr2,2,119
shrec_2021_model_3,1qvr,3,120
shrec_2021_model_3,1bxn,4,127
shrec_2021_model_3,3cf3,5,116
shrec_2021_model_3,1u6g,6,118
shrec_2021_model_3,3d2f,7,125
shrec_2021_model_3,2cg9,8,122
shrec_2021_model_3,3h84,9,121
shrec_2021_model_3,3gl1,10,124
shrec_2021_model_3,3qm1,11,123
shrec_2021_model_3,1s3x,12,117
shrec_2021_model_3,5mrc,13,129
shrec_2021_model_3,vesicle,14,0
shrec_2021_model_3,fiducial,15,11
shrec_2021_model_4,4v94,1,128
shrec_2021_model_4,4cr2,2,119
shrec_2021_model_4,1qvr,3,120
shrec_2021_model_4,1bxn,4,127
shrec_2021_model_4,3cf3,5,116
shrec_2021_model_4,1u6g,6,118
shrec_2021_model_4,3d2f,7,125
shrec_2021_model_4,2cg9,8,122
shrec_2021_model_4,3h84,9,121
shrec_2021_model_4,3gl1,10,124
shrec_2021_model_4,3qm1,11,123
shrec_2021_model_4,1s3x,12,117
shrec_2021_model_4,5mrc,13,129
shrec_2021_model_4,vesicle,14,0
shrec_2021_model_4,fiducial,15,11
shrec_2021_model_5,4v94,1,128
shrec_2021_model_5,4cr2,2,119
shrec_2021_model_5,1qvr,3,120
shrec_2021_model_5,1bxn,4,127
shrec_2021_model_5,3cf3,5,116
shrec_2021_model_5,1u6g,6,118
shrec_2021_model_5,3d2f,7,125
shrec_2021_model_5,2cg9,8,122
shrec_2021_model_5,3h84,9,121
shrec_2021_model_5,3gl1,10,124
shrec_2021_model_5,3qm1,11,123
shrec_2021_model_5,1s3x,12,117
shrec_2021_model_5,5mrc,13,129
shrec_2021_model_5,vesicle,14,0
shrec_2021_model_5,fiducial,15,11
shrec_2021_model_6,4v94,1,128
shrec_2021_model_6,4cr2,2,119
shrec_2021_model_6,1qvr,3,120
shrec_2021_model_6,1bxn,4,127
shrec_2021_model_6,3cf3,5,116
shrec_2021_model_6,1u6g,6,118
shrec_2021_model_6,3d2f,7,125
shrec_2021_model_6,2cg9,8,122
shrec_2021_model_6,3h84,9,121
shrec_2021_model_6,3gl1,10,124
shrec_2021_model_6,3qm1,11,123
shrec_2021_model_6,1s3x,12,117
shrec_2021_model_6,5mrc,13,129
shrec_2021_model_6,vesicle,14,0
shrec_2021_model_6,fiducial,15,11
shrec_2021_model_7,4v94,1,128
shrec_2021_model_7,4cr2,2,119
shrec_2021_model_7,1qvr,3,120
shrec_2021_model_7,1bxn,4,127
shrec_2021_model_7,3cf3,5,116
shrec_2021_model_7,1u6g,6,118
shrec_2021_model_7,3d2f,7,125
shrec_2021_model_7,2cg9,8,122
shrec_2021_model_7,3h84,9,121
shrec_2021_model_7,3gl1,10,124
shrec_2021_model_7,3qm1,11,123
shrec_2021_model_7,1s3x,12,117
shrec_2021_model_7,5mrc,13,129
shrec_2021_model_7,vesicle,14,0
shrec_2021_model_7,fiducial,15,11
shrec_2021_model_8,4v94,1,128
shrec_2021_model_8,4cr2,2,119
shrec_2021_model_8,1qvr,3,120
shrec_2021_model_8,1bxn,4,127
shrec_2021_model_8,3cf3,5,116
shrec_2021_model_8,1u6g,6,118
shrec_2021_model_8,3d2f,7,125
shrec_2021_model_8,2cg9,8,122
shrec_2021_model_8,3h84,9,121
shrec_2021_model_8,3gl1,10,124
shrec_2021_model_8,3qm1,11,123
shrec_2021_model_8,1s3x,12,117
shrec_2021_model_8,5mrc,13,129
shrec_2021_model_8,vesicle,14,0
shrec_2021_model_8,fiducial,15,11
shrec_2021_model_9,4v94,1,128
shrec_2021_model_9,4cr2,2,119
shrec_2021_model_9,1qvr,3,120
shrec_2021_model_9,1bxn,4,127
shrec_2021_model_9,3cf3,5,116
shrec_2021_model_9,1u6g,6,118
shrec_2021_model_9,3d2f,7,125
shrec_2021_model_9,2cg9,8,122
shrec_2021_model_9,3h84,9,121
shrec_2021_model_9,3gl1,10,124
shrec_2021_model_9,3qm1,11,123
shrec_2021_model_9,1s3x,12,117
shrec_2021_model_9,5mrc,13,129
shrec_2021_model_9,vesicle,14,0
shrec_2021_model_9,fiducial,15,11